read id,count,read seq,read start position in precurosr,read end position in precurosr,read mapping mode,mature id,mature seq,mature start position in precurosr,mature end position in precurosr,precursor id, precursor seq
1036297-1,1,tttgcttccagcttttgtctcctt,71,94,mmmmmmmmmmmmmmmmmmmmmmmm,novel-miR-2,tttgcttccagcttttgtctcc,71,92,novel-mir-2,acgactataggaggcaatagcttgagcaaataattgattgcagaagtccatcgactaaagctgtcacctgtttgcttccagcttttgtctccttacctgttcagtgtctaaa
1036669-1,1,aaagagatttgtagtccacaaact,21,44,mmmmmmmmmmmmmmmmmmmmmmmm,novel-miR-38,aaagagatttgtagtccacaaact,21,44,novel-mir-38,gtcagaagcaaagttcttgtaaagagatttgtagtccacaaacttgtattatgccgatttgtaagcagtttgtcggcatagtacaagttggtcgactacaaatctgcttacaag
104087-5,5,aagcggtctgataagaactcaggc,71,94,mmmmmmmmmmmmmmmmmmmmmmmm,novel-miR-77,aagcggtctgataagaactcaggc,71,94,novel-mir-77,tttacgatgtgcaaaagtaaagagttcagattgttttagtgttagagttcacaggaagatgcacacatgcaagcggtctgataagaactcaggcaattgtaaacataccggcac
1077646-1,1,cggctctgataccaattgatg,71,91,mmmmmmmmmmmmmmmmmmmmm,novel-miR-61,cggctctgataccaattgatg,71,91,novel-mir-61,ctcaatagttccgtcgctgcgtttccatcacgtcgattgctgtcagagccacgcctatgaagaatttgtgcggctctgataccaattgatgctatggaaacatcgatattg
108605-5,5,ttctgttgtaagaagctctgcgcc,21,44,mmmmmmmmmmmmmmmmmmmmmmmm,novel-miR-36,ttctgttgtaagaagctctgcgcc,21,44,novel-mir-36,tgaatttcgccggcctcttcttctgttgtaagaagctctgcgccttcttcatctctttgaggaatctcggcggcctcttcgactgattgaggaatttcgccggcttcaacccta
108719-5,5,tccaaagggatcgcattgtt,71,90,mmmmmmmmmmmmmmmmmmmm,novel-miR-55,tccaaagggatcgcattgttt,71,91,novel-mir-55,tctacattgagccatggcgctttctctgcgagccttttgcatccactgagtgtgacttcacatgaagacatccaaagggatcgcattgtttcatacttgctcacatcagca
110487-5,5,aagtccggacgagatctctcgacc,71,94,mmmmmmmmmmmmmmmmmmmmmmmm,novel-miR-59,aagtccggacgagatctctcgacc,71,94,novel-mir-59,tctcgcgcatctccatccaatttgcagcagttctggaagagataatgaaaggccccgatccggactacctaagtccggacgagatctctcgacccaagtcactaagtgactcga
1110741-1,1,agacgagttctcggagtaggatcg,71,94,mmmmmmmmmmmmmmmmmmmmmmmm,novel-miR-62,agacgagttctcggagtaggatc,71,93,novel-mir-62,gcttgtttcgttttctgttgccaggttttcgacgagagcgttcgcaggtgcctgtaaaaaggcgaaatccagacgagttctcggagtaggatcggtcggggagacggtacctg
11117-81,81,ttgtgcggttcaaatagtaac,21,41,mmmmmmmmmmmmmmmmmmmmm,novel-miR-46,ttgtgcggttcaaatagtaac,21,41,novel-mir-46,gttcaactgcggataaagtgttgtgcggttcaaatagtaacaaaaatatatacatacatatatatgtaaagaatttcgttactatttgaatcgtactgcactgtacggttc
113134-5,5,accatgaaggactgcatctagaca,71,94,mmmmmmmmmmmmmmmmmmmmmmmm,novel-miR-63,accatgaaggactgcatctagaca,71,94,novel-mir-63,atctacttcgaaggtcgatatagaccctttttcgaaaggtgtctggaggctggttacctgattgttatttaccatgaaggactgcatctagacactattttacttttacaccga
113261-5,5,atctagatgaccagctgcaagcct,71,94,mmmmmmmmmmmmmmmmmmmmmmmm,novel-miR-67,atctagatgaccagctgcaagcct,71,94,novel-mir-67,gacatcgtataggttggcattgctgctagaacagacttcagcatgatcaacttcccagctgaagataggaatctagatgaccagctgcaagccttttggcgaatcctgtcgaca
11405-78,78,tgtgttctcaggtcacccc,71,89,mmmmmmmmmmmmmmmmmmm,novel-miR-24,tgtgttctcaggtcacccct,71,90,novel-mir-24,atttcaaaggagtggcatgtgaacacatatcctatggtttcttcaaatttccattgaaaccattgagttttgtgttctcaggtcacccctttgaatctcccctgttcc
114659-5,5,aaggcaagtcgggtcacaagtacc,71,94,mmmmmmmmmmmmmmmmmmmmmmmm,novel-miR-8,aaggcaagtcgggtcacaagtacc,71,94,novel-mir-8,aaagtacttgctagaccaagtactcgttttgacaagccaagtaacaagccaaaaattcaattacttgtacaaggcaagtcgggtcacaagtaccttcaatttggcaagtacttg
115966-5,5,attatcgtcttgacttttttgcct,71,94,mmmmmmmmmmmmmmmmmmmmmmmm,novel-miR-39,attatcgtcttgacttttttgcct,71,94,novel-mir-39,gaaagaggatattctcgacggcggcgtgaggccacaccgtcggcagcaaagttaggataataatcgccttattatcgtcttgacttttttgcctcaagtatacagatttagctt
1181368-1,1,cgatgatggcctgaccttggtacc,21,44,mmmmmmmmmmmmmmmmmmmmmmmm,novel-miR-42,cgatgatggcctgaccttggtacc,21,44,novel-mir-42,tgttcgtgaggaacgttgttcgatgatggcctgaccttggtaccagatgtgttctgggaactcggtcggatcgtctacgggcatcaaaagtaacgcttccagattcgttcttag
120352-4,4,agaagcagagatcaatggatgaat,21,44,mmmmmmmmmmmmmmmmmmmmmmmm,novel-miR-49,agaagcagagatcaatggatgaat,21,44,novel-mir-49,aagaaacttactggagaacaagaagcagagatcaatggatgaatgaaggggataaaaactctcagtttttccataattctgttaaggctagaagagggaagcagagaattgatt
126170-4,4,tatcggaaacccaatctctact,21,42,mmmmmmmmmmmmmmmmmmmmmm,novel-miR-18,tatcggaaacccaatctctac,21,41,novel-mir-18,taacgacatgggccaaaaggtatcggaaacccaatctctacttcagtctttcccttttggaaagagagagactgaagaagaggttgagttttcgaaaccttttaaccaaag
136886-4,4,ccgagaagtgattgttggaacca,71,93,mmmmmmmmmmmmmmmmmmmmmmm,novel-miR-41,ccgagaagtgattgttggaacca,71,93,novel-mir-41,atgatttggacacttatgttatcaaagtgcacttatcattttggtcaaacatcttgggatgggtgaccttccgagaagtgattgttggaaccatgtaagtgaggacaaaacat
138117-4,4,tggagaagcagggcacgtgc,21,40,mmmmmmmmmmmmmmmmmmmm,novel-miR-28,tggagaagcagggcacgtgca,21,41,novel-mir-28,gcgggtgagaatctccatgttggagaagcagggcacgtgcaaaccaacaaacacgaaatccgtctcatttgcttatttgcacgtacttaacttctccaacatgagctcttc
145389-3,3,cagcgacagcgaccagcgatcagc,21,44,mmmmmmmmmmmmmmmmmmmmmmmm,novel-miR-16,cagcgacagcgaccagcgatcagc,21,44,novel-mir-16,cgtttccatgtcgctggattcagcgacagcgaccagcgatcagctacagcaaccagcgacaacatacattgtttgtttgtctgtcgctggattcagcgaccaattacagcgaca
153084-3,3,ttgacagaagaaagagagcac,21,41,mmmmmmmmmmmmmmmmmmmmm,novel-miR-76,ttgacagaagaaagagagcac,21,41,novel-mir-76,cgagaagaagatgaaaaatgttgacagaagaaagagagcacaacctgggattagcaaaaagatagttttgcccttgtcgggagtgtgctctctttccttctgccaccatca
158290-3,3,agacgagttctcggagtaggatc,71,93,mmmmmmmmmmmmmmmmmmmmmmm,novel-miR-62,agacgagttctcggagtaggatc,71,93,novel-mir-62,gcttgtttcgttttctgttgccaggttttcgacgagagcgttcgcaggtgcctgtaaaaaggcgaaatccagacgagttctcggagtaggatcggtcggggagacggtacctg
161508-3,3,atcgggttcgaggattcatcgacc,71,94,mmmmmmmmmmmmmmmmmmmmmmmm,novel-miR-44,atcgggttcgaggattcatcgacc,71,94,novel-mir-44,cggtaccgagaattcttcgaccagaacggcggaatcctcgaccagtacgaggaatggtcgaggagaatctatcgggttcgaggattcatcgaccaggaattgaaatcgtcgacc
165801-3,3,tgtgttctcaggtcacc,71,87,mmmmmmmmmmmmmmmmm,novel-miR-24,tgtgttctcaggtcacccct,71,90,novel-mir-24,atttcaaaggagtggcatgtgaacacatatcctatggtttcttcaaatttccattgaaaccattgagttttgtgttctcaggtcacccctttgaatctcccctgttcc
165969-3,3,tcgaaatccgttggaagaaatctc,21,44,mmmmmmmmmmmmmmmmmmmmmmmm,novel-miR-21,tcgaaatccgttggaagaaatctc,21,44,novel-mir-21,tttttaccataaattttttttcgaaatccgttggaagaaatctcttctccaataaagattaatttaacatagtttgggaaaagatttcttccaacgaacgtcgaacccatcacg
187998-3,3,tttgcttccagcttttgtct,71,90,mmmmmmmmmmmmmmmmmmmm,novel-miR-2,tttgcttccagcttttgtctcc,71,92,novel-mir-2,acgactataggaggcaatagcttgagcaaataattgattgcagaagtccatcgactaaagctgtcacctgtttgcttccagcttttgtctccttacctgttcagtgtctaaa
193011-2,2,ttttcttggcccatccacttc,21,41,mmmmmmmmmmmmmmmmmmmmm,novel-miR-48,ttttcttggcccatccacttc,21,41,novel-mir-48,ggtattttgctcaagtatggttttcttggcccatccacttctaatgtgttttgtaactaatgcaaaatgtgcattagaagtggattggtcaagggaagcgtacttgtgcaa
194691-2,2,tttgcttccagcttttgtctc,71,91,mmmmmmmmmmmmmmmmmmmmm,novel-miR-2,tttgcttccagcttttgtctcc,71,92,novel-mir-2,acgactataggaggcaatagcttgagcaaataattgattgcagaagtccatcgactaaagctgtcacctgtttgcttccagcttttgtctccttacctgttcagtgtctaaa
200554-2,2,aacggatcgtcggcgaaaaggatc,71,94,mmmmmmmmmmmmmmmmmmmmmmmm,novel-miR-60,aacggatcgtcggcgaaaaggatc,71,94,novel-mir-60,gatagggaacacgtgtctcaaccctaactcgatctttttcgacgttttcgattcgttcctgattctacggaacggatcgtcggcgaaaaggatctcattgagagtgttctttag
2174-361,361,tgattgagccgcgccaatatc,71,91,mmmmmmmmmmmmmmmmmmmmm,novel-miR-47,tgattgagccgcgccaatatc,71,91,novel-mir-47,atattggcctggttcactcagatcttacctgaccacacacgtagatatacattattctctctagattatctgattgagccgcgccaatatctcagtactctctcgtctcta
2319-342,342,tttgcttccagcttttgtctcc,71,92,mmmmmmmmmmmmmmmmmmmmmm,novel-miR-2,tttgcttccagcttttgtctcc,71,92,novel-mir-2,acgactataggaggcaatagcttgagcaaataattgattgcagaagtccatcgactaaagctgtcacctgtttgcttccagcttttgtctccttacctgttcagtgtctaaa
235611-2,2,caggcgtctgtagctgaggcgacc,71,94,mmmmmmmmmmmmmmmmmmmmmmmm,novel-miR-19,caggcgtctgtagctgaggcgacc,71,94,novel-mir-19,tgcagaggcggcggatagttccgaacatgagctgccgttgcctgtaaaggaggaccggcgtcttctgatgcaggcgtctgtagctgaggcgaccgttctgctgccggcgtgaaa
240516-2,2,atgcatttcaccacttggacgacc,71,94,mmmmmmmmmmmmmmmmmmmmmmmm,novel-miR-43,atgcatttcaccacttggacgacc,71,94,novel-mir-43,ttaaaatagtcacaatttcttaaaacatatgcattgcgcgttggtagtctttctctgaaagccattttacatgcatttcaccacttggacgaccgacgtgcataaatatattag
261496-2,2,gatggatatgtcttcaaggact,71,92,mmmmmmmmmmmmmmmmmmmmmm,novel-miR-53,gatggatatgtcttcaaggac,71,91,novel-mir-53,tccttggagaaatatgcgtcaatggagtccgtcttcttgagaagcatttttgagtgagaatgattctcatgatggatatgtcttcaaggacttctttcaaacaatggtact
273916-2,2,agaatcttctgacttcttggtacc,71,94,mmmmmmmmmmmmmmmmmmmmmmmm,novel-miR-37,agaatcttctgacttcttggtacc,71,94,novel-mir-37,gatggaagagaagagaaagaagattgttgaatacctgaaggcacatgaactaatgtgcacacaatttcagagaatcttctgacttcttggtaccagccaaaggaaacacctcct
275386-2,2,tccaaagggatcgcattgttt,71,91,mmmmmmmmmmmmmmmmmmmmm,novel-miR-55,tccaaagggatcgcattgttt,71,91,novel-mir-55,tctacattgagccatggcgctttctctgcgagccttttgcatccactgagtgtgacttcacatgaagacatccaaagggatcgcattgtttcatacttgctcacatcagca
289343-2,2,tgattgagccgcgccaatatct,71,92,mmmmmmmmmmmmmmmmmmmmmm,novel-miR-47,tgattgagccgcgccaatatc,71,91,novel-mir-47,atattggcctggttcactcagatcttacctgaccacacacgtagatatacattattctctctagattatctgattgagccgcgccaatatctcagtactctctcgtctcta
31088-26,26,tcaagcaccagctcgaagaagc,21,42,mmmmmmmmmmmmmmmmmmmmmm,novel-miR-25,tcaagcaccagctcgaagaagc,21,42,novel-mir-25,agttgattccatcgactcgttcaagcaccagctcgaagaagcttagctaatttatcttagaaaataatgaaaaagctatgcttctcaagaaggtgcatgaacaagttgatgt
315599-2,2,cgacgtcgttttggatattaacgg,21,44,mmmmmmmmmmmmmmmmmmmmmmmm,novel-miR-71,cgacgtcgttttggatattaacgg,21,44,novel-mir-71,atatttcgatttcaatgacacgacgtcgttttggatattaacggatctagttaacgtgtgctaacgaaattatcgggtccgtcaatgcaagataacgttgtggggattttggcc
325507-2,2,atcgcaaattctgctagagatttg,21,44,mmmmmmmmmmmmmmmmmmmmmmmm,novel-miR-30,atcgcaaattctgctagagatttg,21,44,novel-mir-30,tgcagaacgcttgcaaatccatcgcaaattctgctagagatttgcaaggcggtaaaaaagaatcgcaaatccgtcgcagttattgcgagggaagtactaggcaagcgtgtgatt
38278-20,20,tgtgttctcaggtcacccctt,71,91,mmmmmmmmmmmmmmmmmmmmm,novel-miR-24,tgtgttctcaggtcacccct,71,90,novel-mir-24,atttcaaaggagtggcatgtgaacacatatcctatggtttcttcaaatttccattgaaaccattgagttttgtgttctcaggtcacccctttgaatctcccctgttcc
40036-19,19,tcagctgagctttctcgtcatc,21,42,mmmmmmmmmmmmmmmmmmmmmm,novel-miR-34,tcagctgagctttctcgtcatc,21,42,novel-mir-34,ttcgaaagtatttcaagaagtcagctgagctttctcgtcatcacttattagtaaatatagtctctatatttttgatgagtgatgattggaaatttcgttgactcattactct
43630-17,17,ggagaaaacaattcgtcggcgatt,21,44,mmmmmmmmmmmmmmmmmmmmmmmm,novel-miR-50,ggagaaaacaattcgtcggcgatt,21,44,novel-mir-50,cggcgattttgagatttctcggagaaaacaattcgtcggcgattttgaggtttctcggagagaaaaatttgtcggcgattttgagttttatcggagagaaaaaatcgtcggcca
43866-17,17,tgtgttctcaggtcaccc,71,88,mmmmmmmmmmmmmmmmmm,novel-miR-24,tgtgttctcaggtcacccct,71,90,novel-mir-24,atttcaaaggagtggcatgtgaacacatatcctatggtttcttcaaatttccattgaaaccattgagttttgtgttctcaggtcacccctttgaatctcccctgttcc
449943-1,1,cacgtgttctactactccaa,71,90,mmmmmmmmmmmmmmmmmmmm,novel-miR-74,cacgtgttctactactccaac,71,91,novel-mir-74,cacttgatggagaagcagggcacgtgcgaacacaaatgaaatcgatcggtacttgttgatcatattttcgcacgtgttctactactccaacacgtgtctctccccctcccc
51172-14,14,ctgaagtgtttgggggaactc,71,91,mmmmmmmmmmmmmmmmmmmmm,novel-miR-22,ctgaagtgtttgggggaactc,71,91,novel-mir-22,gatgtcctctagagttctcctgaacacttcattggaaatttgttattcagtaagctaacagttaattccactgaagtgtttgggggaactcccgatgtcatttggtgatgc
52209-13,13,cacgtgttctactactccaac,71,91,mmmmmmmmmmmmmmmmmmmmm,novel-miR-74,cacgtgttctactactccaac,71,91,novel-mir-74,cacttgatggagaagcagggcacgtgcgaacacaaatgaaatcgatcggtacttgttgatcatattttcgcacgtgttctactactccaacacgtgtctctccccctcccc
54171-13,13,taaatcccaacatcttccacc,21,41,mmmmmmmmmmmmmmmmmmmmm,novel-miR-1,taaatcccaacatcttccacc,21,41,novel-mir-1,gtgaaagggaaacaactaaataaatcccaacatcttccaccttaccggccttgaacattgatagctgttaaaatggaagatgctttgggatttattttgtagtctttcctt
58683-12,12,tctcggttcgcgatccacaag,21,41,mmmmmmmmmmmmmmmmmmmmm,novel-miR-54,tctcggttcgcgatccacaag,21,41,novel-mir-54,tggaaagcaagggactgtcgtctcggttcgcgatccacaagtaatcttttgtggagattatgaaaacaatcatcacgagaggctacgtgtgggtggcaaacaaagacgaca
635403-1,1,agctgatagctcatgagctggctc,21,44,mmmmmmmmmmmmmmmmmmmmmmmm,novel-miR-64,agctgatagctcatgagctggctc,21,44,novel-mir-64,agactaggggtgtcaaaatgagctgatagctcatgagctggctcaactcggctcggttattcatgagcgccagttctatttttaaggatcatttaataaatgagtttaatctca
637310-1,1,ctgaagtgtttgggggaact,71,90,mmmmmmmmmmmmmmmmmmmm,novel-miR-22,ctgaagtgtttgggggaactc,71,91,novel-mir-22,gatgtcctctagagttctcctgaacacttcattggaaatttgttattcagtaagctaacagttaattccactgaagtgtttgggggaactcccgatgtcatttggtgatgc
64556-10,10,atggcgaagccgacaacggatagc,71,94,mmmmmmmmmmmmmmmmmmmmmmmm,novel-miR-26,atggcgaagccgacaacggatagc,71,94,novel-mir-26,tataccatactatgtgtttgaacccatctcatggcttggtgttgttgtcgggttaatccgccagaacggtatggcgaagccgacaacggatagcaccgagctgacgagtaggcg
657969-1,1,ggagaaaacaattcgtcggcgat,21,43,mmmmmmmmmmmmmmmmmmmmmmm,novel-miR-50,ggagaaaacaattcgtcggcgatt,21,44,novel-mir-50,cggcgattttgagatttctcggagaaaacaattcgtcggcgattttgaggtttctcggagagaaaaatttgtcggcgattttgagttttatcggagagaaaaaatcgtcggcca
66636-10,10,tgagccaaggatgacttgccg,21,41,mmmmmmmmmmmmmmmmmmmmm,novel-miR-9,tgagccaaggatgacttgccg,21,41,novel-mir-9,ggaaaaatagaaaatgagattgagccaaggatgacttgccgattttctcaacgaatcttactgattatggtatccggcaagttgactttggctctgtttccttcccttctt
67673-10,10,atcggagagattcgaaaggagcct,71,94,mmmmmmmmmmmmmmmmmmmmmmmm,novel-miR-58,atcggagagattcgaaaggagcct,71,94,novel-mir-58,tcgtttggagctgttctgttgatactccccctcaaacttggaggaggtgggaaatcgacaccaagtttgaatcggagagattcgaaaggagccttaacgagagactttgtaaat
68123-9,9,gttctgatttccggattttggatt,21,44,mmmmmmmmmmmmmmmmmmmmmmmm,novel-miR-68,gttctgatttccggattttggatt,21,44,novel-mir-68,cgggttcaggtttgaatcgggttctgatttccggattttggattttgatgtttagaatctgttcgggtattttaaaatttcgaattcggattcatattggatttggcttgattc
71084-9,9,tgtgttctcaggtcaccccttt,71,92,mmmmmmmmmmmmmmmmmmmmmm,novel-miR-24,tgtgttctcaggtcacccct,71,90,novel-mir-24,atttcaaaggagtggcatgtgaacacatatcctatggtttcttcaaatttccattgaaaccattgagttttgtgttctcaggtcacccctttgaatctcccctgttcc
72200-9,9,gatggatatgtcttcaaggac,71,91,mmmmmmmmmmmmmmmmmmmmm,novel-miR-53,gatggatatgtcttcaaggac,71,91,novel-mir-53,tccttggagaaatatgcgtcaatggagtccgtcttcttgagaagcatttttgagtgagaatgattctcatgatggatatgtcttcaaggacttctttcaaacaatggtact
7600-118,118,tgtgttctcaggtcacccct,71,90,mmmmmmmmmmmmmmmmmmmm,novel-miR-24,tgtgttctcaggtcacccct,71,90,novel-mir-24,atttcaaaggagtggcatgtgaacacatatcctatggtttcttcaaatttccattgaaaccattgagttttgtgttctcaggtcacccctttgaatctcccctgttcc
7630-117,117,tggagaagcagggcacgtgca,21,41,mmmmmmmmmmmmmmmmmmmmm,novel-miR-28,tggagaagcagggcacgtgca,21,41,novel-mir-28,gcgggtgagaatctccatgttggagaagcagggcacgtgcaaaccaacaaacacgaaatccgtctcatttgcttatttgcacgtacttaacttctccaacatgagctcttc
80811-8,8,catccggatttttggtaaggcacc,21,44,mmmmmmmmmmmmmmmmmmmmmmmm,novel-miR-6,catccggatttttggtaaggcacc,21,44,novel-mir-6,ttggaagttgtgtccaagagcatccggatttttggtaaggcacctcggtatagagtactgagtagggaggccttcttgaatccgtggtgcgggcactgagtgctatatctttta
85686-7,7,agtagaagaagaacattgaagaga,21,44,mmmmmmmmmmmmmmmmmmmmmmmm,novel-miR-72,agtagaagaagaacattgaagaga,21,44,novel-mir-72,tctgtttcagcgttttctgaagtagaagaagaacattgaagagactgtgtttctgagtatagcttcttcttgccatcttcagaatcatcacaactcattgaagagttgtaatca
861934-1,1,tatcggaaacccaatctct,21,39,mmmmmmmmmmmmmmmmmmm,novel-miR-18,tatcggaaacccaatctctac,21,41,novel-mir-18,taacgacatgggccaaaaggtatcggaaacccaatctctacttcagtctttcccttttggaaagagagagactgaagaagaggttgagttttcgaaaccttttaaccaaag
89563-7,7,atcagctctgatgactctgttagc,21,44,mmmmmmmmmmmmmmmmmmmmmmmm,novel-miR-52,atcagctctgatgactctgttagc,21,44,novel-mir-52,tctctcaaaactccttcctcatcagctctgatgactctgttagccattgctaatctctgagttttgcggttggtgcgttcgagttttcccaagtcaagaacatacaagttgatc
91930-6,6,tttagtcggttatttcggtttta,21,43,mmmmmmmmmmmmmmmmmmmmmmm,novel-miR-33,tttagtcggttatttcggtttta,21,43,novel-mir-33,tttttttggttgttcaggtttttagtcggttatttcggttttaggttatttatggttaccaagtttaatatctgaaccgaaccgaaccgaaagataaccgaaccgaaccaaaa
943747-1,1,ataattaatatcggtcgacggaga,71,94,mmmmmmmmmmmmmmmmmmmmmmmm,novel-miR-27,ataattaatatcggtcgacggaga,71,94,novel-mir-27,aaattcgtgtcgaaccgcatcatattacctatgtaaacaatattcgttacaaataactttttttttttgcataattaatatcggtcgacggagaaaaaaaaagttggcttatga
9655-93,93,agctctgataccaaatga,71,88,mmmmmmmmmmmmmmmmmm,novel-miR-15,agctctgataccaaatga,71,88,novel-mir-15,accaattgacttgtactttgaagctttgatttgaacctgtcaattggtatcaaagcttctaaatctttgaagctctgataccaaatgatggaatcaaattaaagcttc
97086-6,6,aattggttccggatctgtaggatc,71,94,mmmmmmmmmmmmmmmmmmmmmmmm,novel-miR-7,aattggttccggatctgtaggatc,71,94,novel-mir-7,tgcgagtttgttcttgggttttgcggatacggttgtagcgactttgtttgtggattttttggttttagcgaattggttccggatctgtaggatctacggtgctgctctgagaat
98865-6,6,aatgagaaaccatagatggagatg,21,44,mmmmmmmmmmmmmmmmmmmmmmmm,novel-miR-45,aatgagaaaccatagatggagatg,21,44,novel-mir-45,tttttaatttggagtttttcaatgagaaaccatagatggagatgatctaataatcatctaaattgttggttgactttttgaatttcggacaacttgtactactaatacttggct
99861-6,6,tgcaaagatgcagatcatatgtcc,71,94,mmmmmmmmmmmmmmmmmmmmmmmm,novel-miR-35,tgcaaagatgcagatcatatgtcc,71,94,novel-mir-35,gtgggcagatagagttcttgaggctttgatattaacatggacatatgatctgcatctttgcacttgaaaatgcaaagatgcagatcatatgtccatgttatcaaaagcctcaag
